{"cameraMode":{"drawMode":0,"name":"Shaded","section":"Shading Mode"},"sceneLighting":false,"audioPlay":false,"sceneViewState":{"m_AlwaysRefresh":false,"showFog":true,"showSkybox":false,"showFlares":true,"showImageEffects":true,"showParticleSystems":true,"showVisualEffectGraphs":true,"m_FxEnabled":true},"in2DMode":false,"pivot":{"x":-0.9547920227050781,"y":1.5367159843444825,"z":-0.00009632110595703125},"rotation":{"x":0.05185133218765259,"y":-0.029955273494124414,"z":0.0015558477025479079,"w":0.9982044100761414},"size":11.211674690246582,"orthographic":false}